"X","Sample.ID","d13C16","d13C18","D13C","sitecode","sitename","lat","long","country","group","group_order","bin","grouping","grouping_order","culture","vessel","aquatic_res","source"
1,"MOIII005",-26.67109235,-25.85029688,0.82079547,"MIKR","Mikri Volvi",40.745,22.978,"Greece","Greece","","a","Balkans","a","EN","","b","whel2018a
"
1,"MOIII009",-28.53580545,-29.15502177,-0.61921632,"MIKR","Mikri Volvi",40.745,22.978,"Greece","Greece","","a","Balkans","a","EN","","b","whel2018a
"
1,"MOIII022",-27.07577457,-28.64160757,-1.565833,"MIKR","Mikri Volvi",40.745,22.978,"Greece","Greece","","a","Balkans","a","EN","","b","whel2018a
"
1,"MV-1",-26.2,-27.4,-1.2,"MIKR","Mikri Volvi",40.745,22.978,"Greece","Greece","","a","Balkans","a","EN","","b","whel2018a
"
1,"MV-12",-26.4,-26.7,-0.3,"MIKR","Mikri Volvi",40.745,22.978,"Greece","Greece","","a","Balkans","a","EN","","b","whel2018a
"
1,"MV-32",-25.5,-26.4,-0.9,"MIKR","Mikri Volvi",40.745,22.978,"Greece","Greece","","a","Balkans","a","EN","","b","whel2018a
"
1,"MV-39",-21,-21.4,-0.4,"MIKR","Mikri Volvi",40.745,22.978,"Greece","Greece","","a","Balkans","a","EN","","b","whel2018a
"
1,"MV-56",-25.4,-25.3,0.1,"MIKR","Mikri Volvi",40.745,22.978,"Greece","Greece","","a","Balkans","a","EN","","b","whel2018a
"
1,"MV-58",-26.1,-26.7,-0.6,"MIKR","Mikri Volvi",40.745,22.978,"Greece","Greece","","a","Balkans","a","EN","","b","whel2018a
"
1,"MV-63",-26.5,-31.3,-4.8,"MIKR","Mikri Volvi",40.745,22.978,"Greece","Greece","","a","Balkans","a","EN","","b","whel2018a
"
1,"PAL-108",-25.7,-24.8,0.9,"PALI","Paliambela",40.511,22.503,"Greece","Greece","","a","Balkans","a","MN","","b","whel2018a
"
1,"PAL-119",-25.8,-27.1,-1.3,"PALI","Paliambela",40.511,22.503,"Greece","Greece","","a","Balkans","a","MN","","b","whel2018a
"
1,"PAL-129",-25.3,-28.2,-2.9,"PALI","Paliambela",40.511,22.503,"Greece","Greece","","a","Balkans","a","MN","","b","whel2018a
"
1,"PAL-139",-24,-26.2,-2.2,"PALI","Paliambela",40.511,22.503,"Greece","Greece","","a","Balkans","a","MN","","b","whel2018a
"
1,"PAL-146",-27.4,-32.4,-5,"PALI","Paliambela",40.511,22.503,"Greece","Greece","","a","Balkans","a","MN","","b","whel2018a
"
1,"PAL-163",-27.7,-32,-4.3,"PALI","Paliambela",40.511,22.503,"Greece","Greece","","a","Balkans","a","MN","","b","whel2018a
"
1,"PAL-168",-26.5,-31,-4.5,"PALI","Paliambela",40.511,22.503,"Greece","Greece","","a","Balkans","a","MN","","b","whel2018a
"
1,"PAL-212",-25.9,-29.2,-3.3,"PALI","Paliambela",40.511,22.503,"Greece","Greece","","a","Balkans","a","MN","","b","whel2018a
"
1,"PAL-214",-18.6,-25,-6.4,"PALI","Paliambela",40.511,22.503,"Greece","Greece","","a","Balkans","a","MN","","b","whel2018a
"
1,"PAL-215",-25.4,-27.2,-1.8,"PALI","Paliambela",40.511,22.503,"Greece","Greece","","a","Balkans","a","MN","","b","whel2018a
"
1,"PAL-216",-27.7,-28.5,-0.8,"PALI","Paliambela",40.511,22.503,"Greece","Greece","","a","Balkans","a","MN","","b","whel2018a
"
1,"PAL-217",-22.7,-29.2,-6.5,"PALI","Paliambela",40.511,22.503,"Greece","Greece","","a","Balkans","a","MN","","b","whel2018a
"
1,"PAL-220",-27.8,-28.6,-0.8,"PALI","Paliambela",40.511,22.503,"Greece","Greece","","a","Balkans","a","MN","","b","whel2018a
"
1,"PAL-26",-27.3,-28.6,-1.3,"PALI","Paliambela",40.511,22.503,"Greece","Greece","","a","Balkans","a","MN","","b","whel2018a
"
1,"PAL-3",-24.1,-24.6,-0.5,"PALI","Paliambela",40.511,22.503,"Greece","Greece","","a","Balkans","a","MN","","b","whel2018a
"
1,"PAL-38",-25.3,-27.3,-2,"PALI","Paliambela",40.511,22.503,"Greece","Greece","","a","Balkans","a","MN","","b","whel2018a
"
1,"PAL-55",-27.2,-26.5,0.7,"PALI","Paliambela",40.511,22.503,"Greece","Greece","","a","Balkans","a","MN","","b","whel2018a
"
1,"PAL-67",-18.7,-28.5,-9.8,"PALI","Paliambela",40.511,22.503,"Greece","Greece","","a","Balkans","a","MN","","b","whel2018a
"
1,"PAL-72",-24.2,-27.7,-3.5,"PALI","Paliambela",40.511,22.503,"Greece","Greece","","a","Balkans","a","MN","","b","whel2018a
"
1,"PAL-84",-26.7,-26.9,-0.2,"PALI","Paliambela",40.511,22.503,"Greece","Greece","","a","Balkans","a","MN","","b","whel2018a
"
1,"PAL-85",-30.3,-31.4,-1.1,"PALI","Paliambela",40.511,22.503,"Greece","Greece","","a","Balkans","a","MN","","b","whel2018a
"
1,"PAL-86",-27.3,-27.8,-0.5,"PALI","Paliambela",40.511,22.503,"Greece","Greece","","a","Balkans","a","MN","","b","whel2018a
"
1,"PAL-92",-27,-26.5,0.5,"PALI","Paliambela",40.511,22.503,"Greece","Greece","","a","Balkans","a","MN","","b","whel2018a
"
1,"VC01",-27.5,-27.8,-0.3,"VARE","Varemenoi Goulon",40.16,21.914,"Greece","Greece","","a","Balkans","a","EN","","b","whel2018a
"
1,"VC09",-26.6,-29.4,-2.8,"VARE","Varemenoi Goulon",40.16,21.914,"Greece","Greece","","a","Balkans","a","EN","","b","whel2018a
"
1,"VC10",-26.1,-28.4,-2.3,"VARE","Varemenoi Goulon",40.16,21.914,"Greece","Greece","","a","Balkans","a","EN","","b","whel2018a
"
1,"VC17",-26.5,-26.8,-0.3,"VARE","Varemenoi Goulon",40.16,21.914,"Greece","Greece","","a","Balkans","a","EN","","b","whel2018a
"
1,"VC19",-24.4,-26.2,-1.8,"VARE","Varemenoi Goulon",40.16,21.914,"Greece","Greece","","a","Balkans","a","EN","","b","whel2018a
"
1,"PO008",-29.67699158,-31.39165787,-1.71466629,"PO","Podgori",40.8165925,20.798668,"Albania","Albania","a","b","Balkans","a","","","b","SUSTAIN"
1,"PO020",-28.94219295,-30.87188141,-1.92968846,"PO","Podgori",40.8165925,20.798668,"Albania","Albania","a","b","Balkans","a","","","b","SUSTAIN"
1,"PO021",-29.27067701,-30.52295983,-1.25228282,"PO","Podgori",40.8165925,20.798668,"Albania","Albania","a","b","Balkans","a","","","b","SUSTAIN"
1,"PO023",-27.15693538,-29.41149346,-2.25455808,"PO","Podgori",40.8165925,20.798668,"Albania","Albania","a","b","Balkans","a","","","b","SUSTAIN"
1,"PO024",-29.65799663,-33.94241871,-4.28442208,"PO","Podgori",40.8165925,20.798668,"Albania","Albania","a","b","Balkans","a","","","b","SUSTAIN"
1,"PO030",-29.91370735,-30.47784194,-0.56413459,"PO","Podgori",40.8165925,20.798668,"Albania","Albania","a","b","Balkans","a","","","b","SUSTAIN"
1,"PO034",-28.59389813,-29.39068466,-0.79678653,"PO","Podgori",40.8165925,20.798668,"Albania","Albania","a","b","Balkans","a","","","b","SUSTAIN"
1,"POG002",-28.15938677,-29.70073415,-1.54134738,"POG","Pogradec",40.90088124,20.65665541,"Albania","Albania","a","b","Balkans","a","","","b","SUSTAIN"
1,"POG005",-25.91070438,-27.90463619,-1.99393181,"POG","Pogradec",40.90088124,20.65665541,"Albania","Albania","a","b","Balkans","a","","","b","SUSTAIN"
1,"POG006",-29.52434573,-26.53012686,2.99421887,"POG","Pogradec",40.90088124,20.65665541,"Albania","Albania","a","b","Balkans","a","","","a","SUSTAIN"
1,"POG007",-31.51162973,-29.37476355,2.13686618,"POG","Pogradec",40.90088124,20.65665541,"Albania","Albania","a","b","Balkans","a","","","a","SUSTAIN"
1,"POG010",-27.99095433,-27.79597932,0.19497501,"POG","Pogradec",40.90088124,20.65665541,"Albania","Albania","a","b","Balkans","a","","","a","SUSTAIN"
1,"POG011",-27.13785498,-26.16395323,0.97390175,"POG","Pogradec",40.90088124,20.65665541,"Albania","Albania","a","b","Balkans","a","","","a","SUSTAIN"
1,"POG012",-28.13204384,-32.41389604,-4.2818522,"POG","Pogradec",40.90088124,20.65665541,"Albania","Albania","a","b","Balkans","a","","","b","SUSTAIN"
1,"POG029",-24.24828658,-23.03723764,1.21104894,"POG","Pogradec",40.90088124,20.65665541,"Albania","Albania","a","b","Balkans","a","","","b","SUSTAIN"
1,"POG031",-26.9716422,-26.80654425,0.16509795,"POG","Pogradec",40.90088124,20.65665541,"Albania","Albania","a","b","Balkans","a","","","b","SUSTAIN"
1,"POG032",-32.06289538,-30.76274066,1.30015472,"POG","Pogradec",40.90088124,20.65665541,"Albania","Albania","a","b","Balkans","a","","","b","SUSTAIN"
1,"POG033",-27.10835684,-25.51461414,1.5937427,"POG","Pogradec",40.90088124,20.65665541,"Albania","Albania","a","b","Balkans","a","","","b","SUSTAIN"
1,"NNA 02",-28.8,-31.5,-2.7,"NOVA","Nova Nadezhda",42.00156609,21.5047226,"Bulgaria","Bulgaria","p","c","Balkans","a","","","b","Ethier et al. 2017; Yaneva2017a"
1,"NNA 07",-26.4,-30.8,-4.4,"NOVA","Nova Nadezhda",42.00156609,21.5047226,"Bulgaria","Bulgaria","p","c","Balkans","a","","","b","Ethier et al. 2017; Yaneva2017a"
1,"NNA 13",-27.7,-28.6,-0.9,"NOVA","Nova Nadezhda",42.00156609,21.5047226,"Bulgaria","Bulgaria","p","c","Balkans","a","","","b","Ethier et al. 2017; Yaneva2017a"
1,"NNA 20",-28.2,-30,-1.8,"NOVA","Nova Nadezhda",42.00156609,21.5047226,"Bulgaria","Bulgaria","p","c","Balkans","a","","","b","Ethier et al. 2017; Yaneva2017a"
1,"NNA 21",-25.7,-24.6,1.1,"NOVA","Nova Nadezhda",42.00156609,21.5047226,"Bulgaria","Bulgaria","p","c","Balkans","a","","","b","Ethier et al. 2017; Yaneva2017a"
1,"NNA 23",-28.4,-29.9,-1.5,"NOVA","Nova Nadezhda",42.00156609,21.5047226,"Bulgaria","Bulgaria","p","c","Balkans","a","","","b","Ethier et al. 2017; Yaneva2017a"
1,"NNA 32",-28.1,-31,-2.9,"NOVA","Nova Nadezhda",42.00156609,21.5047226,"Bulgaria","Bulgaria","p","c","Balkans","a","","","b","Ethier et al. 2017; Yaneva2017a"
1,"NNA 33",-25.8,-29.4,-3.6,"NOVA","Nova Nadezhda",42.00156609,21.5047226,"Bulgaria","Bulgaria","p","c","Balkans","a","","","b","Ethier et al. 2017; Yaneva2017a"
1,"NNA 38",-27.4,-28.7,-1.3,"NOVA","Nova Nadezhda",42.00156609,21.5047226,"Bulgaria","Bulgaria","p","c","Balkans","a","","","b","Ethier et al. 2017; Yaneva2017a"
1,"YAB 05",-27.2,-27.1,0.1,"YABA","Yabalkovo",42.06992019,25.44051515,"Bulgaria","Bulgaria","p","c","Balkans","a","","","b","Ethier et al. 2017"
1,"YAB 07",-27.3,-26,1.3,"YABA","Yabalkovo",42.06992019,25.44051515,"Bulgaria","Bulgaria","p","c","Balkans","a","","","b","Ethier et al. 2017"
1,"YAB 11",-27.4,-29,-1.6,"YABA","Yabalkovo",42.06992019,25.44051515,"Bulgaria","Bulgaria","p","c","Balkans","a","","","b","Ethier et al. 2017"
1,"YAB 22",-28,-32.6,-4.6,"YABA","Yabalkovo",42.06992019,25.44051515,"Bulgaria","Bulgaria","p","c","Balkans","a","","","b","Ethier et al. 2017"
1,"YAB 24",-28.8,-29,-0.2,"YABA","Yabalkovo",42.06992019,25.44051515,"Bulgaria","Bulgaria","p","c","Balkans","a","","","b","Ethier et al. 2017"
1,"YAB 27",-26.8,-31.8,-5,"YABA","Yabalkovo",42.06992019,25.44051515,"Bulgaria","Bulgaria","p","c","Balkans","a","","","b","Ethier et al. 2017"
1,"YAB 30",-25.1,-27,-1.9,"YABA","Yabalkovo",42.06992019,25.44051515,"Bulgaria","Bulgaria","p","c","Balkans","a","","","b","Ethier et al. 2017"
1,"YAB 31",-27.7,-31.4,-3.7,"YABA","Yabalkovo",42.06992019,25.44051515,"Bulgaria","Bulgaria","p","c","Balkans","a","","","b","Ethier et al. 2017"
1,"YAB 32",-26.8,-28.1,-1.3,"YABA","Yabalkovo",42.06992019,25.44051515,"Bulgaria","Bulgaria","p","c","Balkans","a","","","b","Ethier et al. 2017"
1,"YAB 33",-26.1,-28.9,-2.8,"YABA","Yabalkovo",42.06992019,25.44051515,"Bulgaria","Bulgaria","p","c","Balkans","a","","","b","Ethier et al. 2017"
1,"YAB 35",-24.8,-27.6,-2.8,"YABA","Yabalkovo",42.06992019,25.44051515,"Bulgaria","Bulgaria","p","c","Balkans","a","","","b","Ethier et al. 2017"
1,"YAB 37",-27.6,-28.7,-1.1,"YABA","Yabalkovo",42.06992019,25.44051515,"Bulgaria","Bulgaria","p","c","Balkans","a","","","b","Ethier et al. 2017"
1,"YAB 38",-25.8,-29.7,-3.9,"YABA","Yabalkovo",42.06992019,25.44051515,"Bulgaria","Bulgaria","p","c","Balkans","a","","","b","Ethier et al. 2017"
1,"YAB 39",-27.3,-30.3,-3,"YABA","Yabalkovo",42.06992019,25.44051515,"Bulgaria","Bulgaria","p","c","Balkans","a","","","b","Ethier et al. 2017"
1,"YAB 40",-28,-29.6,-1.6,"YABA","Yabalkovo",42.06992019,25.44051515,"Bulgaria","Bulgaria","p","c","Balkans","a","","","b","Ethier et al. 2017"
1,"COK006",-25.6666092,-28.55675422,-2.89014502,"COK","Cocev Kamen",42.07797864,22.0038083,"North Macedonia","Eastern Republic of North Macedonia","c","d","Balkans","a","MN/Starcevo","","b","SUSTAIN"
1,"COK008",-25.54422093,-30.63644558,-5.09222465,"COK","Cocev Kamen",42.07797864,22.0038083,"North Macedonia","Eastern Republic of North Macedonia","c","d","Balkans","a","MN/Starcevo","","b","SUSTAIN"
1,"COK018",-28.19385767,-28.83618071,-0.64232304,"COK","Cocev Kamen",42.07797864,22.0038083,"North Macedonia","Eastern Republic of North Macedonia","c","d","Balkans","a","MN/Starcevo","","b","SUSTAIN"
1,"COK025",-25.96815139,-27.66004083,-1.69188944,"COK","Cocev Kamen",42.07797864,22.0038083,"North Macedonia","Eastern Republic of North Macedonia","c","d","Balkans","a","MN/Starcevo","","b","SUSTAIN"
1,"COK028",-26.19700234,-31.22851235,-5.03151001,"COK","Cocev Kamen",42.07797864,22.0038083,"North Macedonia","Eastern Republic of North Macedonia","c","d","Balkans","a","MN/Starcevo","","b","SUSTAIN"
1,"COK029",-27.56181881,-32.89746497,-5.33564616,"COK","Cocev Kamen",42.07797864,22.0038083,"North Macedonia","Eastern Republic of North Macedonia","c","d","Balkans","a","MN/Starcevo","","b","SUSTAIN"
1,"COK032",-25.53687993,-30.96691102,-5.43003109,"COK","Cocev Kamen",42.07797864,22.0038083,"North Macedonia","Eastern Republic of North Macedonia","c","d","Balkans","a","MN/Starcevo","","b","SUSTAIN"
1,"COK033",-22.05341824,-23.67565001,-1.62223177,"COK","Cocev Kamen",42.07797864,22.0038083,"North Macedonia","Eastern Republic of North Macedonia","c","d","Balkans","a","MN/Starcevo","","b","SUSTAIN"
1,"D10",-26.31,-29.9,-3.59,"DAM","Damjan",41.613156,22.35911,"North Macedonia","Eastern Republic of North Macedonia","c","d","Balkans","a","EN","","b","SUSTAIN"
1,"D20",-27.2,-28.22,-1.02,"DAM","Damjan",41.613156,22.35911,"North Macedonia","Eastern Republic of North Macedonia","c","d","Balkans","a","EN","","b","SUSTAIN"
1,"D21",-27.09,-27.09,0,"DAM","Damjan",41.613156,22.35911,"North Macedonia","Eastern Republic of North Macedonia","c","d","Balkans","a","EN","","b","SUSTAIN"
1,"D24",-27.84,-32.38,-4.54,"DAM","Damjan",41.613156,22.35911,"North Macedonia","Eastern Republic of North Macedonia","c","d","Balkans","a","EN","","b","SUSTAIN"
1,"GOV002",-25.28952869,-29.50001119,-4.2104825,"GOV","Govrlevo",42.40647665,23.07639493,"North Macedonia","Skopje area","b","d","Balkans","a","EN","","b","SUSTAIN"
1,"GOV003",-28.12162511,-27.15243186,0.96919325,"GOV","Govrlevo",42.40647665,23.07639493,"North Macedonia","Skopje area","b","d","Balkans","a","EN","","b","SUSTAIN"
1,"GOV012",-27.24525183,-32.78359278,-5.53834095,"GOV","Govrlevo",42.40647665,23.07639493,"North Macedonia","Skopje area","b","d","Balkans","a","EN","","b","SUSTAIN"
1,"GOV018",-29.74055823,-30.1522286,-0.41167037,"GOV","Govrlevo",42.40647665,23.07639493,"North Macedonia","Skopje area","b","d","Balkans","a","EN","","b","SUSTAIN"
1,"GOV020",-27.95124222,-27.88474025,0.06650197,"GOV","Govrlevo",42.40647665,23.07639493,"North Macedonia","Skopje area","b","d","Balkans","a","EN","","b","SUSTAIN"
1,"GOV024",-25.64931998,-28.68325235,-3.03393237,"GOV","Govrlevo",42.40647665,23.07639493,"North Macedonia","Skopje area","b","d","Balkans","a","EN","","b","SUSTAIN"
1,"MAD006",-28.19391005,-31.84610567,-3.65219562,"MAD","Madzari",45.75158803,18.73745723,"North Macedonia","Skopje area","b","d","Balkans","a","Anza I","","b","SUSTAIN"
1,"MAD007",-26.41110823,-27.79009538,-1.37898715,"MAD","Madzari",45.75158803,18.73745723,"North Macedonia","Skopje area","b","d","Balkans","a","Anza I","","b","SUSTAIN"
1,"MAD012",-28.32741336,-32.97207246,-4.6446591,"MAD","Madzari",45.75158803,18.73745723,"North Macedonia","Skopje area","b","d","Balkans","a","Anza I","","b","SUSTAIN"
1,"MAD014",-29.04422196,-30.47001263,-1.42579067,"MAD","Madzari",45.75158803,18.73745723,"North Macedonia","Skopje area","b","d","Balkans","a","Anza I","","b","SUSTAIN"
1,"MAD016",-27.94994002,-30.70232621,-2.75238619,"MAD","Madzari",45.75158803,18.73745723,"North Macedonia","Skopje area","b","d","Balkans","a","Anza I","","b","SUSTAIN"
1,"MAD018",-27.79242128,-30.26025823,-2.46783695,"MAD","Madzari",45.75158803,18.73745723,"North Macedonia","Skopje area","b","d","Balkans","a","Anza I","","b","SUSTAIN"
1,"MAD029",-26.97777918,-29.11731057,-2.13953139,"MAD","Madzari",45.75158803,18.73745723,"North Macedonia","Skopje area","b","d","Balkans","a","Anza I","","b","SUSTAIN"
1,"MAD032",-27.14617471,-30.46660608,-3.32043137,"MAD","Madzari",45.75158803,18.73745723,"North Macedonia","Skopje area","b","d","Balkans","a","Anza I","","b","SUSTAIN"
1,"MAD033",-26.36722316,-30.77108707,-4.40386391,"MAD","Madzari",45.75158803,18.73745723,"North Macedonia","Skopje area","b","d","Balkans","a","Anza I","","b","SUSTAIN"
1,"MAD033 (II)",-26.54878713,-31.17370928,-4.62492215,"MAD","Madzari",45.75158803,18.73745723,"North Macedonia","Skopje area","b","d","Balkans","a","Anza I","","b","SUSTAIN"
1,"MAD036",-27.77737319,-32.14236309,-4.3649899,"MAD","Madzari",45.75158803,18.73745723,"North Macedonia","Skopje area","b","d","Balkans","a","Anza I","","b","SUSTAIN"
1,"MAD038",-26.85233148,-29.75337771,-2.90104623,"MAD","Madzari",45.75158803,18.73745723,"North Macedonia","Skopje area","b","d","Balkans","a","Anza I","","b","SUSTAIN"
1,"ORM001",-26.70015068,-28.98164029,-2.28148961,"ORM","Orman",43.36141991,23.71443143,"North Macedonia","Skopje area","b","d","Balkans","a","","","b","SUSTAIN"
1,"ORM016",-27.75460255,-32.15409696,-4.39949441,"ORM","Orman",43.36141991,23.71443143,"North Macedonia","Skopje area","b","d","Balkans","a","","","b","SUSTAIN"
1,"ORM017",-26.90733396,-30.79736149,-3.89002753,"ORM","Orman",43.36141991,23.71443143,"North Macedonia","Skopje area","b","d","Balkans","a","","","b","SUSTAIN"
1,"ORM026",-29.6243837,-29.92177432,-0.29739062,"ORM","Orman",43.36141991,23.71443143,"North Macedonia","Skopje area","b","d","Balkans","a","","","b","SUSTAIN"
1,"ORM027",-26.50481488,-28.77761984,-2.27280496,"ORM","Orman",43.36141991,23.71443143,"North Macedonia","Skopje area","b","d","Balkans","a","","","b","SUSTAIN"
1,"ORM029",-28.73877172,-31.2907099,-2.55193818,"ORM","Orman",43.36141991,23.71443143,"North Macedonia","Skopje area","b","d","Balkans","a","","","b","SUSTAIN"
1,"ORM031",-27.00916541,-31.35639413,-4.34722872,"ORM","Orman",43.36141991,23.71443143,"North Macedonia","Skopje area","b","d","Balkans","a","","","b","SUSTAIN"
1,"ORM035",-26.93962966,-31.48573734,-4.54610768,"ORM","Orman",43.36141991,23.71443143,"North Macedonia","Skopje area","b","d","Balkans","a","","","b","SUSTAIN"
1,"ORM037",-27.30724249,-29.85869506,-2.55145257,"ORM","Orman",43.36141991,23.71443143,"North Macedonia","Skopje area","b","d","Balkans","a","","","b","SUSTAIN"
1,"ORM045",-29.81037883,-30.57710349,-0.76672466,"ORM","Orman",43.36141991,23.71443143,"North Macedonia","Skopje area","b","d","Balkans","a","","","b","SUSTAIN"
1,"ORM046",-26.75597551,-27.94153998,-1.18556447,"ORM","Orman",43.36141991,23.71443143,"North Macedonia","Skopje area","b","d","Balkans","a","","","b","SUSTAIN"
1,"ORN026",-28.24833209,-33.8230281,-5.57469601,"ORN","Orniche",43.36141991,23.71443143,"North Macedonia","Eastern Republic of North Macedonia","c","d","Balkans","a","EN","","b","SUSTAIN"
1,"ORN027",-30.01836244,-31.21648546,-1.19812302,"ORN","Orniche",43.36141991,23.71443143,"North Macedonia","Eastern Republic of North Macedonia","c","d","Balkans","a","EN","","b","SUSTAIN"
1,"ORN039",-26.81654266,-29.92383117,-3.10728851,"ORN","Orniche",43.36141991,23.71443143,"North Macedonia","Eastern Republic of North Macedonia","c","d","Balkans","a","EN","","b","SUSTAIN"
1,"ORN040",-27.73985063,-32.34448837,-4.60463774,"ORN","Orniche",43.36141991,23.71443143,"North Macedonia","Eastern Republic of North Macedonia","c","d","Balkans","a","EN","","b","SUSTAIN"
1,"VC26",-25.9,-30.8,-4.9,"VRBJ","Vrbjanska Čuka
",41.33980996,21.40596857,"Macedonia","Macedonia","o","d","Balkans","a","","","b","stoj2020a"
1,"VG-10",-18.2,-20.9,-2.7,"VRBJ","Vrbjanska Čuka
",41.33980996,21.40596857,"Macedonia","Macedonia","o","d","Balkans","a","","","b","stoj2020a"
1,"VG-2",-26.3,-27.4,-1.1,"VRBJ","Vrbjanska Čuka
",41.33980996,21.40596857,"Macedonia","Macedonia","o","d","Balkans","a","","","b","stoj2020a"
1,"VG-3",-26.2,-27.5,-1.3,"VRBJ","Vrbjanska Čuka
",41.33980996,21.40596857,"Macedonia","Macedonia","o","d","Balkans","a","","","b","stoj2020a"
1,"VG-5",-26.7,-27.8,-1.1,"VRBJ","Vrbjanska Čuka
",41.33980996,21.40596857,"Macedonia","Macedonia","o","d","Balkans","a","","","b","stoj2020a"
1,"VG-7",-24,-25.7,-1.7,"VRBJ","Vrbjanska Čuka
",41.33980996,21.40596857,"Macedonia","Macedonia","o","d","Balkans","a","","","b","stoj2020a"
1,"GAL001",-26.87138378,-31.78501217,-4.91362839,"GAL","Galabnik",47.14788451,20.92392062,"Bulgaria","Struma Valley & Sofia Plain","f","e","Balkans","a","EN/Galabnik Gr.","Bowl","b","SUSTAIN"
1,"GAL003",-25.17812334,-30.11919661,-4.94107327,"GAL","Galabnik",47.14788451,20.92392062,"Bulgaria","Struma Valley & Sofia Plain","f","e","Balkans","a","EN/Galabnik Gr.","Dish","b","SUSTAIN"
1,"GAL007",-26.83637281,-31.75401832,-4.91764551,"GAL","Galabnik",47.14788451,20.92392062,"Bulgaria","Struma Valley & Sofia Plain","f","e","Balkans","a","EN/Galabnik Gr.","Bowl","b","SUSTAIN"
1,"GAL010",-27.12544394,-30.07533092,-2.94988698,"GAL","Galabnik",47.14788451,20.92392062,"Bulgaria","Struma Valley & Sofia Plain","f","e","Balkans","a","EN/Galabnik Gr.","Collared jar","b","SUSTAIN"
1,"GAL017",-27.38700886,-31.46751471,-4.08050585,"GAL","Galabnik",47.14788451,20.92392062,"Bulgaria","Struma Valley & Sofia Plain","f","e","Balkans","a","EN/Galabnik Gr.","Collared jar","b","SUSTAIN"
1,"GAL018",-29.90052219,-28.52840942,1.37211277,"GAL","Galabnik",47.14788451,20.92392062,"Bulgaria","Struma Valley & Sofia Plain","f","e","Balkans","a","EN/Galabnik Gr.","Collared jar","b","SUSTAIN"
1,"GAL019",-26.81205079,-31.64314653,-4.83109574,"GAL","Galabnik",47.14788451,20.92392062,"Bulgaria","Struma Valley & Sofia Plain","f","e","Balkans","a","EN/Galabnik Gr.","Collared jar","b","SUSTAIN"
1,"GAL021",-27.65121764,-32.16624734,-4.5150297,"GAL","Galabnik",47.14788451,20.92392062,"Bulgaria","Struma Valley & Sofia Plain","f","e","Balkans","a","EN/Galabnik Gr.","Dish","b","SUSTAIN"
1,"GAL026",-27.38032301,-29.31763366,-1.93731065,"GAL","Galabnik",47.14788451,20.92392062,"Bulgaria","Struma Valley & Sofia Plain","f","e","Balkans","a","EN/Galabnik Gr.","Large dish","b","SUSTAIN"
1,"GAL027",-27.17946566,-29.38473016,-2.2052645,"GAL","Galabnik",47.14788451,20.92392062,"Bulgaria","Struma Valley & Sofia Plain","f","e","Balkans","a","EN/Galabnik Gr.","Dish","b","SUSTAIN"
1,"GAL029",-25.64217972,-30.65903065,-5.01685093,"GAL","Galabnik",47.14788451,20.92392062,"Bulgaria","Struma Valley & Sofia Plain","f","e","Balkans","a","EN/Galabnik Gr.","Collared jar","b","SUSTAIN"
1,"GAL031",-26.62137228,-28.09579337,-1.47442109,"GAL","Galabnik",47.14788451,20.92392062,"Bulgaria","Struma Valley & Sofia Plain","f","e","Balkans","a","EN/Galabnik Gr.","Large dish","b","SUSTAIN"
1,"GAL034",-27.73594645,-30.76902503,-3.03307858,"GAL","Galabnik",47.14788451,20.92392062,"Bulgaria","Struma Valley & Sofia Plain","f","e","Balkans","a","EN/Galabnik Gr.","Dish","b","SUSTAIN"
1,"SLA-0001",-27.68448555,-29.99654636,-2.31206081,"SLA","Slatina",42.68193966,23.37693543,"Bulgaria","Struma Valley & Sofia Plain","f","e","Balkans","a","","","b","SUSTAIN"
1,"SLA-0002",-25.53455035,-28.02366464,-2.48911429,"SLA","Slatina",42.68193966,23.37693543,"Bulgaria","Struma Valley & Sofia Plain","f","e","Balkans","a","","","b","SUSTAIN"
1,"SLA-0004",-26.61746504,-26.1312089,0.48625614,"SLA","Slatina",42.68193966,23.37693543,"Bulgaria","Struma Valley & Sofia Plain","f","e","Balkans","a","","","b","SUSTAIN"
1,"SLA-0007",-27.146819,-27.2303557,-0.0835367,"SLA","Slatina",42.68193966,23.37693543,"Bulgaria","Struma Valley & Sofia Plain","f","e","Balkans","a","","","b","SUSTAIN"
1,"SLA-0010",-27.52083369,-26.57311484,0.94771885,"SLA","Slatina",42.68193966,23.37693543,"Bulgaria","Struma Valley & Sofia Plain","f","e","Balkans","a","","","b","SUSTAIN"
1,"SLA-0013",-26.53424968,-27.54733256,-1.01308288,"SLA","Slatina",42.68193966,23.37693543,"Bulgaria","Struma Valley & Sofia Plain","f","e","Balkans","a","","","b","SUSTAIN"
1,"SLA-0015",-26.49464561,-30.57129371,-4.0766481,"SLA","Slatina",42.68193966,23.37693543,"Bulgaria","Struma Valley & Sofia Plain","f","e","Balkans","a","","","b","SUSTAIN"
1,"SLA-0029",-26.44855595,-31.43012134,-4.98156539,"SLA","Slatina",42.68193966,23.37693543,"Bulgaria","Struma Valley & Sofia Plain","f","e","Balkans","a","","","b","SUSTAIN"
1,"SLA-0033",-25.12857034,-25.56467375,-0.43610341,"SLA","Slatina",42.68193966,23.37693543,"Bulgaria","Struma Valley & Sofia Plain","f","e","Balkans","a","","","a","SUSTAIN"
1,"SLA-0034",-27.40343516,-30.921793,-3.51835784,"SLA","Slatina",42.68193966,23.37693543,"Bulgaria","Struma Valley & Sofia Plain","f","e","Balkans","a","","","b","SUSTAIN"
1,"SLA-0041",-27.01901489,-29.99318355,-2.97416866,"SLA","Slatina",42.68193966,23.37693543,"Bulgaria","Struma Valley & Sofia Plain","f","e","Balkans","a","","","b","SUSTAIN"
1,"SLA-0129",-28.78404087,-30.48633122,-1.70229035,"SLA","Slatina",42.68193966,23.37693543,"Bulgaria","Struma Valley & Sofia Plain","f","e","Balkans","a","","","b","SUSTAIN"
1,"SLA-0130",-23.30078825,-27.13601979,-3.83523154,"SLA","Slatina",42.68193966,23.37693543,"Bulgaria","Struma Valley & Sofia Plain","f","e","Balkans","a","","","b","SUSTAIN"
1,"SLA-0133",-27.50049205,-31.39311489,-3.89262284,"SLA","Slatina",42.68193966,23.37693543,"Bulgaria","Struma Valley & Sofia Plain","f","e","Balkans","a","","","b","SUSTAIN"
1,"SLA-0142",-27.11700485,-29.02785944,-1.91085459,"SLA","Slatina",42.68193966,23.37693543,"Bulgaria","Struma Valley & Sofia Plain","f","e","Balkans","a","","","b","SUSTAIN"
1,"BLA 17",-27.4,-31.8,-4.4,"BLAG","Blagotin",43.71747638,21.09789758,"Serbia","Morava valley","d","f","Balkans","a","","","b","Ethier et al. 2017"
1,"BLA 20",-24.7,-29.4,-4.7,"BLAG","Blagotin",43.71747638,21.09789758,"Serbia","Morava valley","d","f","Balkans","a","","","b","Ethier et al. 2017"
1,"BLA 23",-28.4,-31.6,-3.2,"BLAG","Blagotin",43.71747638,21.09789758,"Serbia","Morava valley","d","f","Balkans","a","","","b","Ethier et al. 2017"
1,"BLA 28",-28.9,-34.2,-5.3,"BLAG","Blagotin",43.71747638,21.09789758,"Serbia","Morava valley","d","f","Balkans","a","","","b","Ethier et al. 2017"
1,"BLA 29",-28,-32.2,-4.2,"BLAG","Blagotin",43.71747638,21.09789758,"Serbia","Morava valley","d","f","Balkans","a","","","b","Ethier et al. 2017"
1,"BLA 30",-29.3,-31.9,-2.6,"BLAG","Blagotin",43.71747638,21.09789758,"Serbia","Morava valley","d","f","Balkans","a","","","b","Ethier et al. 2017"
1,"BLA 32",-29.9,-34.6,-4.7,"BLAG","Blagotin",43.71747638,21.09789758,"Serbia","Morava valley","d","f","Balkans","a","","","b","Ethier et al. 2017"
1,"BLA 34",-27.3,-31.9,-4.6,"BLAG","Blagotin",43.71747638,21.09789758,"Serbia","Morava valley","d","f","Balkans","a","","","b","Ethier et al. 2017"
1,"BLA 36",-26.5,-30.6,-4.1,"BLAG","Blagotin",43.71747638,21.09789758,"Serbia","Morava valley","d","f","Balkans","a","","","b","Ethier et al. 2017"
1,"DAM005",-27.20308132,-26.93493299,0.26814833,"DIVO","Divostin",44.02217094,20.83225248,"Serbia","Serbia","n","f","Balkans","a","","","b","Ethier et al. 2017; Porcic2016a; Bartkowiak PhD"
1,"DAM008",-25.49532092,-25.27744268,0.21787824,"DIVO","Divostin",44.02217094,20.83225248,"Serbia","Serbia","n","f","Balkans","a","","","b","Ethier et al. 2017; Porcic2016a; Bartkowiak PhD"
1,"DAM017",-28.1781095,-32.14367376,-3.96556426,"DIVO","Divostin",44.02217094,20.83225248,"Serbia","Serbia","n","f","Balkans","a","","","b","Ethier et al. 2017; Porcic2016a; Bartkowiak PhD"
1,"DAM018",-27.20080023,-31.04303341,-3.84223318,"DIVO","Divostin",44.02217094,20.83225248,"Serbia","Serbia","n","f","Balkans","a","","","b","Ethier et al. 2017; Porcic2016a; Bartkowiak PhD"
1,"DIV 13",-30.6,-29.4,1.2,"DIVO","Divostin",44.02217094,20.83225248,"Serbia","Serbia","n","f","Balkans","a","","","b","Ethier et al. 2017; Porcic2016a; Bartkowiak PhD"
1,"DIV 21",-31.4,-30.3,1.1,"DIVO","Divostin",44.02217094,20.83225248,"Serbia","Serbia","n","f","Balkans","a","","","b","Ethier et al. 2017; Porcic2016a; Bartkowiak PhD"
1,"DIV 40",-29.1,-32.7,-3.6,"DIVO","Divostin",44.02217094,20.83225248,"Serbia","Serbia","n","f","Balkans","a","","","b","Ethier et al. 2017; Porcic2016a; Bartkowiak PhD"
1,"GRI 03",-26.5,-31.1,-4.6,"GRIV","Grivac",41.93684802,21.34647679,"Serbia","Morava valley","d","f","Balkans","a","","","b","Ethier et al. 2017; Porcic2016a"
1,"GRI 06",-27.3,-30.6,-3.3,"GRIV","Grivac",41.93684802,21.34647679,"Serbia","Morava valley","d","f","Balkans","a","","","b","Ethier et al. 2017; Porcic2016a"
1,"GRI 17",-28.6,-31.5,-2.9,"GRIV","Grivac",41.93684802,21.34647679,"Serbia","Morava valley","d","f","Balkans","a","","","b","Ethier et al. 2017; Porcic2016a"
1,"GRI 18",-26.1,-27.9,-1.8,"GRIV","Grivac",41.93684802,21.34647679,"Serbia","Morava valley","d","f","Balkans","a","","","b","Ethier et al. 2017; Porcic2016a"
1,"GRI 26",-27.6,-30.2,-2.6,"GRIV","Grivac",41.93684802,21.34647679,"Serbia","Morava valley","d","f","Balkans","a","","","b","Ethier et al. 2017; Porcic2016a"
1,"GRI 32",-28.5,-32.1,-3.6,"GRIV","Grivac",41.93684802,21.34647679,"Serbia","Morava valley","d","f","Balkans","a","","","b","Ethier et al. 2017; Porcic2016a"
1,"OHO-0061",-27.68357957,-31.05298486,-3.36940529,"OHO","Ohoden",43.36141991,23.71443143,"Bulgaria","Morava valley extr","e","f","Balkans","a","","Conical bowl","b","SUSTAIN"
1,"OHO-0063",-25.57618301,-26.29528601,-0.719103,"OHO","Ohoden",43.36141991,23.71443143,"Bulgaria","Morava valley extr","e","f","Balkans","a","","Plate","b","SUSTAIN"
1,"OHO-0064",-29.37660041,-34.43453842,-5.05793801,"OHO","Ohoden",43.36141991,23.71443143,"Bulgaria","Morava valley extr","e","f","Balkans","a","","Hole-mouth jar","b","SUSTAIN"
1,"OHO-0083",-26.31022002,-32.34091569,-6.03069567,"OHO","Ohoden",43.36141991,23.71443143,"Bulgaria","Morava valley extr","e","f","Balkans","a","","","b","SUSTAIN"
1,"SVC001",-26.37735386,-28.58126324,-2.20390938,"SVC","Svinjarička čuka",42.95196767,21.67568203,"Serbia","Morava valley","d","f","Balkans","a","Starcevo","","b","SUSTAIN"
1,"SVC015",-27.70909108,-29.99809748,-2.2890064,"SVC","Svinjarička čuka",42.95196767,21.67568203,"Serbia","Morava valley","d","f","Balkans","a","Starcevo","","a","SUSTAIN"
1,"SVC033",-26.43554188,-29.56944786,-3.13390598,"SVC","Svinjarička čuka",42.95196767,21.67568203,"Serbia","Morava valley","d","f","Balkans","a","Starcevo","","a","SUSTAIN"
1,"SVC036",-26.94496156,-29.05354132,-2.10857976,"SVC","Svinjarička čuka",42.95196767,21.67568203,"Serbia","Morava valley","d","f","Balkans","a","Starcevo","","a","SUSTAIN"
1,"EC-14456",-26.5,-30.4,-3.9,"ECSE","Ecsegfalva 23",44.02217094,20.83225248,"Hungary","Hungary","m","g","Balkans","a","","","b","Craig et al. 2005; Ethier et al. 2017"
1,"EC-14457",-26.9,-31.1,-4.2,"ECSE","Ecsegfalva 23",44.02217094,20.83225248,"Hungary","Hungary","m","g","Balkans","a","","","b","Craig et al. 2005; Ethier et al. 2017"
1,"EC-14679",-26.3,-30.5,-4.2,"ECSE","Ecsegfalva 23",44.02217094,20.83225248,"Hungary","Hungary","m","g","Balkans","a","","","b","Craig et al. 2005; Ethier et al. 2017"
1,"EC-14839",-26.3,-27.8,-1.5,"ECSE","Ecsegfalva 23",44.02217094,20.83225248,"Hungary","Hungary","m","g","Balkans","a","","","b","Craig et al. 2005; Ethier et al. 2017"
1,"EC-4374",-26.1,-30.2,-4.1,"ECSE","Ecsegfalva 23",44.02217094,20.83225248,"Hungary","Hungary","m","g","Balkans","a","","","b","Craig et al. 2005; Ethier et al. 2017"
1,"EC-5094",-26.8,-31.8,-5,"ECSE","Ecsegfalva 23",44.02217094,20.83225248,"Hungary","Hungary","m","g","Balkans","a","","","b","Craig et al. 2005; Ethier et al. 2017"
1,"EC-9664",-26.8,-28.9,-2.1,"ECSE","Ecsegfalva 23",44.02217094,20.83225248,"Hungary","Hungary","m","g","Balkans","a","","","b","Craig et al. 2005; Ethier et al. 2017"
1,"ECS 08",-26,-30.2,-4.2,"ECSE","Ecsegfalva 23",44.02217094,20.83225248,"Hungary","Hungary","m","g","Balkans","a","","","b","Craig et al. 2005; Ethier et al. 2017"
1,"ECS 16",-27.3,-31.2,-3.9,"ECSE","Ecsegfalva 23",44.02217094,20.83225248,"Hungary","Hungary","m","g","Balkans","a","","","b","Craig et al. 2005; Ethier et al. 2017"
1,"ESC 17",-28,-25.7,2.3,"ECSE","Ecsegfalva 23",44.02217094,20.83225248,"Hungary","Hungary","m","g","Balkans","a","","","b","Craig et al. 2005; Ethier et al. 2017"
1,"ESC 19",-28.1,-31,-2.9,"ECSE","Ecsegfalva 23",44.02217094,20.83225248,"Hungary","Hungary","m","g","Balkans","a","","","b","Craig et al. 2005; Ethier et al. 2017"
1,"ESC 21",-27.4,-31.9,-4.5,"ECSE","Ecsegfalva 23",44.02217094,20.83225248,"Hungary","Hungary","m","g","Balkans","a","","","b","Craig et al. 2005; Ethier et al. 2017"
1,"ESC 26",-27.5,-30,-2.5,"ECSE","Ecsegfalva 23",44.02217094,20.83225248,"Hungary","Hungary","m","g","Balkans","a","","","b","Craig et al. 2005; Ethier et al. 2017"
1,"ESC 28",-27.6,-30.9,-3.3,"ECSE","Ecsegfalva 23",44.02217094,20.83225248,"Hungary","Hungary","m","g","Balkans","a","","","b","Craig et al. 2005; Ethier et al. 2017"
1,"ESC 32",-26.9,-31,-4.1,"ECSE","Ecsegfalva 23",44.02217094,20.83225248,"Hungary","Hungary","m","g","Balkans","a","","","b","Craig et al. 2005; Ethier et al. 2017"
1,"RG207",-26.9,-30.3,-3.4,"RUTO","Rutonjina Greda",45.188,20.513,"Serbia","Serbia","n","g","Balkans","a","","","b","stoj2020a"
1,"RG215",-26.8,-31.4,-4.6,"RUTO","Rutonjina Greda",45.188,20.513,"Serbia","Serbia","n","g","Balkans","a","","","b","stoj2020a"
1,"RG216",-29.9,-32.6,-2.7,"RUTO","Rutonjina Greda",45.188,20.513,"Serbia","Serbia","n","g","Balkans","a","","","b","stoj2020a"
1,"ST100",-28.9,-31.5,-2.6,"STAR","Starčevo Grad",44.82180505,20.72986071,"Serbia","Serbia","n","g","Balkans","a","","","b","stoj2020a"
1,"ST109",-27.8,-32,-4.2,"STAR","Starčevo Grad",44.82180505,20.72986071,"Serbia","Serbia","n","g","Balkans","a","","","b","stoj2020a"
1,"ST118",-27.2,-33,-5.8,"STAR","Starčevo Grad",44.82180505,20.72986071,"Serbia","Serbia","n","g","Balkans","a","","","b","stoj2020a"
1,"ST120",-27,-28.1,-1.1,"STAR","Starčevo Grad",44.82180505,20.72986071,"Serbia","Serbia","n","g","Balkans","a","","","b","stoj2020a"
1,"ST121",-27.1,-28.5,-1.4,"STAR","Starčevo Grad",44.82180505,20.72986071,"Serbia","Serbia","n","g","Balkans","a","","","b","stoj2020a"
1,"ST29",-28,-30.9,-2.9,"STAR","Starčevo Grad",44.82180505,20.72986071,"Serbia","Serbia","n","g","Balkans","a","","","b","stoj2020a"
1,"ST35",-28,-28.2,-0.2,"STAR","Starčevo Grad",44.82180505,20.72986071,"Serbia","Serbia","n","g","Balkans","a","","","b","stoj2020a"
1,"ST41",-26.5,-31.8,-5.3,"STAR","Starčevo Grad",44.82180505,20.72986071,"Serbia","Serbia","n","g","Balkans","a","","","b","stoj2020a"
1,"ST42",-27.8,-31.7,-3.9,"STAR","Starčevo Grad",44.82180505,20.72986071,"Serbia","Serbia","n","g","Balkans","a","","","b","stoj2020a"
1,"ST43",-27,-30.7,-3.7,"STAR","Starčevo Grad",44.82180505,20.72986071,"Serbia","Serbia","n","g","Balkans","a","","","b","stoj2020a"
1,"ST44",-27.7,-32.8,-5.1,"STAR","Starčevo Grad",44.82180505,20.72986071,"Serbia","Serbia","n","g","Balkans","a","","","b","stoj2020a"
1,"ST54",-27.6,-31.3,-3.7,"STAR","Starčevo Grad",44.82180505,20.72986071,"Serbia","Serbia","n","g","Balkans","a","","","b","stoj2020a"
1,"ST55",-25.9,-31.2,-5.3,"STAR","Starčevo Grad",44.82180505,20.72986071,"Serbia","Serbia","n","g","Balkans","a","","","b","stoj2020a"
1,"ST56",-25.8,-26.6,-0.8,"STAR","Starčevo Grad",44.82180505,20.72986071,"Serbia","Serbia","n","g","Balkans","a","","","b","stoj2020a"
1,"ST57",-28.7,-31.3,-2.6,"STAR","Starčevo Grad",44.82180505,20.72986071,"Serbia","Serbia","n","g","Balkans","a","","","b","stoj2020a"
1,"ST60",-27.5,-29.5,-2,"STAR","Starčevo Grad",44.82180505,20.72986071,"Serbia","Serbia","n","g","Balkans","a","","","b","stoj2020a"
1,"ST70",-28.6,-33.2,-4.6,"STAR","Starčevo Grad",44.82180505,20.72986071,"Serbia","Serbia","n","g","Balkans","a","","","b","stoj2020a"
1,"ST75",-26.5,-31.7,-5.2,"STAR","Starčevo Grad",44.82180505,20.72986071,"Serbia","Serbia","n","g","Balkans","a","","","b","stoj2020a"
1,"ST76",-28,-32.7,-4.7,"STAR","Starčevo Grad",44.82180505,20.72986071,"Serbia","Serbia","n","g","Balkans","a","","","b","stoj2020a"
1,"ST77",-27.1,-29.4,-2.3,"STAR","Starčevo Grad",44.82180505,20.72986071,"Serbia","Serbia","n","g","Balkans","a","","","b","stoj2020a"
1,"ST78",-28.4,-31.5,-3.1,"STAR","Starčevo Grad",44.82180505,20.72986071,"Serbia","Serbia","n","g","Balkans","a","","","b","stoj2020a"
1,"ST82",-26.3,-31.3,-5,"STAR","Starčevo Grad",44.82180505,20.72986071,"Serbia","Serbia","n","g","Balkans","a","","","b","stoj2020a"
1,"ST83",-27.5,-31.6,-4.1,"STAR","Starčevo Grad",44.82180505,20.72986071,"Serbia","Serbia","n","g","Balkans","a","","","b","stoj2020a"
1,"ST86",-27.6,-33.3,-5.7,"STAR","Starčevo Grad",44.82180505,20.72986071,"Serbia","Serbia","n","g","Balkans","a","","","b","stoj2020a"
1,"ST87",-32.6,-33,-0.4,"STAR","Starčevo Grad",44.82180505,20.72986071,"Serbia","Serbia","n","g","Balkans","a","","","b","stoj2020a"
1,"ST88",-27.5,-30.7,-3.2,"STAR","Starčevo Grad",44.82180505,20.72986071,"Serbia","Serbia","n","g","Balkans","a","","","b","stoj2020a"
1,"ST98",-29.9,-31.5,-1.6,"STAR","Starčevo Grad",44.82180505,20.72986071,"Serbia","Serbia","n","g","Balkans","a","","","b","stoj2020a"
1,"ST99",-27.8,-30.8,-3,"STAR","Starčevo Grad",44.82180505,20.72986071,"Serbia","Serbia","n","g","Balkans","a","","","b","stoj2020a"
1,"ALS 10",-26.1,-32.2,-6.1,"ALSO","Alsonyek",46.20266879,18.73473947,"Hungary","Transdanubia","h","g1","Balkans","a","","","b","Ethier et al. 2017; Osztas2013a"
1,"ALS 11",-27.9,-31.8,-3.9,"ALSO","Alsonyek",46.20266879,18.73473947,"Hungary","Transdanubia","h","g1","Balkans","a","","","b","Ethier et al. 2017; Osztas2013a"
1,"ALS 12",-27.7,-31.9,-4.2,"ALSO","Alsonyek",46.20266879,18.73473947,"Hungary","Transdanubia","h","g1","Balkans","a","","","b","Ethier et al. 2017; Osztas2013a"
1,"ALS 18",-28.9,-33.4,-4.5,"ALSO","Alsonyek",46.20266879,18.73473947,"Hungary","Transdanubia","h","g1","Balkans","a","","","b","Ethier et al. 2017; Osztas2013a"
1,"ALS 22",-28.5,-30.5,-2,"ALSO","Alsonyek",46.20266879,18.73473947,"Hungary","Transdanubia","h","g1","Balkans","a","","","b","Ethier et al. 2017; Osztas2013a"
1,"ALS 23",-28.1,-33.1,-5,"ALSO","Alsonyek",46.20266879,18.73473947,"Hungary","Transdanubia","h","g1","Balkans","a","","","b","Ethier et al. 2017; Osztas2013a"
1,"ALS 24",-28.7,-33.4,-4.7,"ALSO","Alsonyek",46.20266879,18.73473947,"Hungary","Transdanubia","h","g1","Balkans","a","","","b","Ethier et al. 2017; Osztas2013a"
1,"ALS 25",-27.9,-30.1,-2.2,"ALSO","Alsonyek",46.20266879,18.73473947,"Hungary","Transdanubia","h","g1","Balkans","a","","","b","Ethier et al. 2017; Osztas2013a"
1,"ALS 30",-28.5,-32.1,-3.6,"ALSO","Alsonyek",46.20266879,18.73473947,"Hungary","Transdanubia","h","g1","Balkans","a","","","b","Ethier et al. 2017; Osztas2013a"
1,"ALS 31",-27.3,-30,-2.7,"ALSO","Alsonyek",46.20266879,18.73473947,"Hungary","Transdanubia","h","g1","Balkans","a","","","b","Ethier et al. 2017; Osztas2013a"
1,"ALS 34",-27.8,-32.7,-4.9,"ALSO","Alsonyek",46.20266879,18.73473947,"Hungary","Transdanubia","h","g1","Balkans","a","","","b","Ethier et al. 2017; Osztas2013a"
1,"ALS 36",-27.3,-29,-1.7,"ALSO","Alsonyek",46.20266879,18.73473947,"Hungary","Transdanubia","h","g1","Balkans","a","","","b","Ethier et al. 2017; Osztas2013a"
1,"ALS 38",-28.3,-30.9,-2.6,"ALSO","Alsonyek",46.20266879,18.73473947,"Hungary","Transdanubia","h","g1","Balkans","a","","","b","Ethier et al. 2017; Osztas2013a"
1,"MM132",-27.9,-32.7,-4.8,"MAGA","Magareći Mlin",45.30756586,18.34508813,"Serbia","Sava Valley","","g1","Balkans","a","","","b","stoj2020a"
1,"MM133",-26.4,-30.5,-4.1,"MAGA","Magareći Mlin",45.30756586,18.34508813,"Serbia","Sava Valley","","g1","Balkans","a","","","b","stoj2020a"
1,"MM134",-26.6,-32.5,-5.9,"MAGA","Magareći Mlin",45.30756586,18.34508813,"Serbia","Sava Valley","","g1","Balkans","a","","","b","stoj2020a"
1,"MM140",-27.5,-32.3,-4.8,"MAGA","Magareći Mlin",45.30756586,18.34508813,"Serbia","Sava Valley","","g1","Balkans","a","","","b","stoj2020a"
1,"MM142",-26.1,-31.3,-5.2,"MAGA","Magareći Mlin",45.30756586,18.34508813,"Serbia","Sava Valley","","g1","Balkans","a","","","b","stoj2020a"
1,"MM145",-28,-30.7,-2.7,"MAGA","Magareći Mlin",45.30756586,18.34508813,"Serbia","Sava Valley","","g1","Balkans","a","","","b","stoj2020a"
1,"MM160",-26.9,-32.4,-5.5,"MAGA","Magareći Mlin",45.30756586,18.34508813,"Serbia","Sava Valley","","g1","Balkans","a","","","b","stoj2020a"
1,"MM165",-25.8,-28.1,-2.3,"MAGA","Magareći Mlin",45.30756586,18.34508813,"Serbia","Sava Valley","","g1","Balkans","a","","","b","stoj2020a"
1,"MM179",-28.1,-30.7,-2.6,"MAGA","Magareći Mlin",45.30756586,18.34508813,"Serbia","Sava Valley","","g1","Balkans","a","","","b","stoj2020a"
1,"MM182",-25.4,-29.9,-4.5,"MAGA","Magareći Mlin",45.30756586,18.34508813,"Serbia","Sava Valley","","g1","Balkans","a","","","b","stoj2020a"
1,"MM185",-24.7,-25,-0.3,"MAGA","Magareći Mlin",45.30756586,18.34508813,"Serbia","Sava Valley","","g1","Balkans","a","","","b","stoj2020a"
1,"MM188",-27.3,-33.7,-6.4,"MAGA","Magareći Mlin",45.30756586,18.34508813,"Serbia","Sava Valley","","g1","Balkans","a","","","b","stoj2020a"
1,"MM198",-28.7,-30.8,-2.1,"MAGA","Magareći Mlin",45.30756586,18.34508813,"Serbia","Sava Valley","","g1","Balkans","a","","","b","stoj2020a"
1,"MM199",-27.7,-32.7,-5,"MAGA","Magareći Mlin",45.30756586,18.34508813,"Serbia","Sava Valley","","g1","Balkans","a","","","b","stoj2020a"
1,"TIH007",-27.09589515,-29.59132268,-2.49542753,"TIH","Tihany-Apáti",46.90961455,17.8797852,"Hungary","Transdanubia","h","g1","Balkans","a","Starcevo","","b","SUSTAIN"
